#{"t_start": 1773828144.3886151, "env_id": "ALE/Galaxian-v5"}
r,l,t
1080.0,841,15.584876
