#{"t_start": 1773853987.5169654, "env_id": "ALE/Galaxian-v5"}
r,l,t
550.0,2153,20.201058
1280.0,3241,25.607267
400.0,1345,28.27934
840.0,2321,32.633737
1070.0,3289,38.4707
410.0,1361,41.043704
990.0,2777,46.514771
620.0,1945,50.416847
